{
  "person_age": {
    "min": 20.0,
    "max": 144.0,
    "mean": 27.76469459791283,
    "std": 6.392377289741509
  },
  "person_income": {
    "min": 4000.0,
    "max": 6000000.0,
    "mean": 66171.84384591774,
    "std": 63598.11240332875
  },
  "person_emp_length": {
    "min": 0.0,
    "max": 123.0,
    "mean": 4.787233203140411,
    "std": 4.109162342881874
  },
  "loan_amnt": {
    "min": 500.0,
    "max": 35000.0,
    "mean": 9601.073319521178,
    "std": 6315.6322362242845
  },
  "loan_int_rate": {
    "min": 5.42,
    "max": 22.48,
    "mean": 11.010116175535298,
    "std": 3.228833012680076
  },
  "loan_percent_income": {
    "min": 0.0,
    "max": 0.78,
    "mean": 0.17044582565991406,
    "std": 0.10698918558085699
  },
  "cb_person_cred_hist_length": {
    "min": 2.0,
    "max": 30.0,
    "mean": 5.816720380601596,
    "std": 4.0542641443773615
  }
}